Workbook

Sheet Compare
B1: Current | C1: Current lag | D1: =Frames!B1 -> /*- | E1: =Frames!C1 -> /*- lag | F1: =Frames!D1 -> various | G1: =Frames!E1 -> various lag | H1: =Frames!F1 -> redo | I1: =Frames!G1 -> redo lag | J1: Comment | K1: Team 123 old | L1: Team 123 old lag
A2: 1 start (snow) | B2: 174 | C2: 12 | D2: =Frames!H2-($B2) -> 0 | E2: =Frames!I2-($C2) -> 0 | F2: =Frames!J2-($B2) -> 0 | G2: =Frames!K2-($C2) -> 0 | H2: =Frames!L2-($B2) -> 0 | I2: =Frames!M2-($C2) -> 0 | K2: =Frames!Q2-($B2) -> 225 | L2: =Frames!R2-($C2) -> 362
A3: 1 end | B3: 1420 | C3: 12 | D3: =Frames!H3-($B3-$B2) -> 815 | E3: =Frames!I3-($C3-$C2) -> 0 | F3: =Frames!J3-($B3-$B2) -> 28 | G3: =Frames!K3-($C3-$C2) -> 0 | H3: =Frames!L3-($B3-$B2) -> 28 | I3: =Frames!M3-($C3-$C2) -> 0 | K3: =Frames!Q3-($B3-$B2) -> -1246 | L3: =Frames!R3-($C3-$C2) -> 0
A4: 2 start (factory 1) | B4: 2537 | C4: 48 | D4: =Frames!H4-($B4-$B3) -> 36 | E4: =Frames!I4-($C4-$C3) -> 0 | F4: =Frames!J4-($B4-$B3) -> -4 | G4: =Frames!K4-($C4-$C3) -> 0 | H4: =Frames!L4-($B4-$B3) -> -4 | I4: =Frames!M4-($C4-$C3) -> 0 | K4: =Frames!Q4-($B4-$B3) -> -1117 | L4: =Frames!R4-($C4-$C3) -> -36
A5: 2 end | B5: 5032 | C5: 48 | D5: =Frames!H5-($B5-$B4) -> 694 | E5: =Frames!I5-($C5-$C4) -> 0 | F5: =Frames!J5-($B5-$B4) -> 0 | G5: =Frames!K5-($C5-$C4) -> 0 | H5: =Frames!L5-($B5-$B4) -> 0 | I5: =Frames!M5-($C5-$C4) -> 0 | K5: =Frames!Q5-($B5-$B4) -> -2495 | L5: =Frames!R5-($C5-$C4) -> 0
A6: 3 start (factory 2) | B6: 5322 | C6: 87 | D6: =Frames!H6-($B6-$B5) -> 0 | E6: =Frames!I6-($C6-$C5) -> 0 | F6: =Frames!J6-($B6-$B5) -> 0 | G6: =Frames!K6-($C6-$C5) -> 0 | H6: =Frames!L6-($B6-$B5) -> 0 | I6: =Frames!M6-($C6-$C5) -> 0 | K6: =Frames!Q6-($B6-$B5) -> -290 | L6: =Frames!R6-($C6-$C5) -> -39
A7: 3 end | B7: 7645 | C7: 87 | D7: =Frames!H7-($B7-$B6) -> 1112 | E7: =Frames!I7-($C7-$C6) -> 0 | F7: =Frames!J7-($B7-$B6) -> 217 | G7: =Frames!K7-($C7-$C6) -> 0 | H7: =Frames!L7-($B7-$B6) -> 0 | I7: =Frames!M7-($C7-$C6) -> 0 | K7: =Frames!Q7-($B7-$B6) -> -2323 | L7: =Frames!R7-($C7-$C6) -> 0
A8: 4 start (sentinel boss) | B8: 7908 | C8: 107 | D8: =Frames!H8-($B8-$B7) -> 0 | E8: =Frames!I8-($C8-$C7) -> 0 | F8: =Frames!J8-($B8-$B7) -> 0 | G8: =Frames!K8-($C8-$C7) -> 0 | H8: =Frames!L8-($B8-$B7) -> 0 | I8: =Frames!M8-($C8-$C7) -> 0 | K8: =Frames!Q8-($B8-$B7) -> -263 | L8: =Frames!R8-($C8-$C7) -> -20
A9: 4 end | B9: 9898 | C9: 107 | D9: =Frames!H9-($B9-$B8) -> 51 | E9: =Frames!I9-($C9-$C8) -> 0 | F9: =Frames!J9-($B9-$B8) -> 0 | G9: =Frames!K9-($C9-$C8) -> 0 | H9: =Frames!L9-($B9-$B8) -> 0 | I9: =Frames!M9-($C9-$C8) -> 0 | K9: =Frames!Q9-($B9-$B8) -> -1990 | L9: =Frames!R9-($C9-$C8) -> 0
A10: 5 start (factory 3) | B10: 10043 | C10: 122 | D10: =Frames!H10-($B10-$B9) -> 0 | E10: =Frames!I10-($C10-$C9) -> 0 | F10: =Frames!J10-($B10-$B9) -> 0 | G10: =Frames!K10-($C10-$C9) -> 0 | H10: =Frames!L10-($B10-$B9) -> 0 | I10: =Frames!M10-($C10-$C9) -> 0 | K10: =Frames!Q10-($B10-$B9) -> -145 | L10: =Frames!R10-($C10-$C9) -> -15
A11: 5 end | B11: 11959 | C11: 122 | D11: =Frames!H11-($B11-$B10) -> 816 | E11: =Frames!I11-($C11-$C10) -> 0 | F11: =Frames!J11-($B11-$B10) -> 0 | G11: =Frames!K11-($C11-$C10) -> 0 | H11: =Frames!L11-($B11-$B10) -> 0 | I11: =Frames!M11-($C11-$C10) -> 0 | K11: =Frames!Q11-($B11-$B10) -> -1916 | L11: =Frames!R11-($C11-$C10) -> 0
A12: 6 start (space base 1) | B12: 12227 | C12: 146 | D12: =Frames!H12-($B12-$B11) -> 1 | E12: =Frames!I12-($C12-$C11) -> 0 | F12: =Frames!J12-($B12-$B11) -> 0 | G12: =Frames!K12-($C12-$C11) -> 0 | H12: =Frames!L12-($B12-$B11) -> 0 | I12: =Frames!M12-($C12-$C11) -> 0 | K12: =Frames!Q12-($B12-$B11) -> -268 | L12: =Frames!R12-($C12-$C11) -> -24
A13: 6 end | B13: 13424 | C13: 147 | D13: =Frames!H13-($B13-$B12) -> 371 | E13: =Frames!I13-($C13-$C12) -> 0 | F13: =Frames!J13-($B13-$B12) -> 0 | G13: =Frames!K13-($C13-$C12) -> 0 | H13: =Frames!L13-($B13-$B12) -> 0 | I13: =Frames!M13-($C13-$C12) -> 0 | K13: =Frames!Q13-($B13-$B12) -> -1197 | L13: =Frames!R13-($C13-$C12) -> -1
A14: 7 start (space base 2) | B14: 13690 | C14: 166 | D14: =Frames!H14-($B14-$B13) -> 0 | E14: =Frames!I14-($C14-$C13) -> 0 | F14: =Frames!J14-($B14-$B13) -> 0 | G14: =Frames!K14-($C14-$C13) -> 0 | H14: =Frames!L14-($B14-$B13) -> 0 | I14: =Frames!M14-($C14-$C13) -> 0 | K14: =Frames!Q14-($B14-$B13) -> -266 | L14: =Frames!R14-($C14-$C13) -> -19
... A20: 10 start (Magneto boss) | B20: 20544 | C20: 223 | D20: =Frames!H20-($B20-$B19) -> -33 | E20: =Frames!I20-($C20-$C19) -> 0 | F20: =Frames!J20-($B20-$B19) -> -261 | G20: =Frames!K20-($C20-$C19) -> -19 | H20: =Frames!L20-($B20-$B19) -> 0 | I20: =Frames!M20-($C20-$C19) -> 0 | K20: =Frames!Q20-($B20-$B19) -> -261 | L20: =Frames!R20-($C20-$C19) -> -19
A21: 10 end | B21: 22059 | C21: 223 | D21: =Frames!H21-($B21-$B20) -> 77 | E21: =Frames!I21-($C21-$C20) -> 0 | F21: =Frames!J21-($B21-$B20) -> -1515 | G21: =Frames!K21-($C21-$C20) -> 0 | H21: =Frames!L21-($B21-$B20) -> 0 | I21: =Frames!M21-($C21-$C20) -> 0
A22: 11 start (pyramid + Tusk) | B22: 22343 | C22: 253 | D22: =Frames!H22-($B22-$B21) -> 0 | E22: =Frames!I22-($C22-$C21) -> 0 | F22: =Frames!J22-($B22-$B21) -> 22083 | G22: =Frames!K22-($C22-$C21) -> -30 | H22: =Frames!L22-($B22-$B21) -> 0 | I22: =Frames!M22-($C22-$C21) -> 0
A23: 11 end | B23: 25324 | C23: 253 | D23: =Frames!H23-($B23-$B22) -> 978 | E23: =Frames!I23-($C23-$C22) -> 0 | F23: =Frames!J23-($B23-$B22) -> 103 | G23: =Frames!K23-($C23-$C22) -> 0 | H23: =Frames!L23-($B23-$B22) -> 31 | I23: =Frames!M23-($C23-$C22) -> 0
A24: 12 start (inside pyramid) | B24: 25582 | C24: 280 | D24: =Frames!H24-($B24-$B23) -> 36 | E24: =Frames!I24-($C24-$C23) -> 0 | F24: =Frames!J24-($B24-$B23) -> 0 | G24: =Frames!K24-($C24-$C23) -> -27 | H24: =Frames!L24-($B24-$B23) -> 0 | I24: =Frames!M24-($C24-$C23) -> 0
A25: 12 end | B25: 29232 | C25: 280 | D25: =Frames!H25-($B25-$B24) -> 1540 | E25: =Frames!I25-($C25-$C24) -> 0 | F25: =Frames!J25-($B25-$B24) -> -2 | G25: =Frames!K25-($C25-$C24) -> 0 | H25: =Frames!L25-($B25-$B24) -> -2 | I25: =Frames!M25-($C25-$C24) -> 0
A26: 13 start (Apocalyse boss) | B26: 29495 | C26: 299 | D26: =Frames!H26-($B26-$B25) -> 3 | E26: =Frames!I26-($C26-$C25) -> 0 | F26: =Frames!J26-($B26-$B25) -> -42 | G26: =Frames!K26-($C26-$C25) -> -19 | H26: =Frames!L26-($B26-$B25) -> -1 | I26: =Frames!M26-($C26-$C25) -> 0
A27: 13 end | B27: 32956 | C27: 299 | D27: =Frames!H27-($B27-$B26) -> 498 | E27: =Frames!I27-($C27-$C26) -> 0 | F27: =Frames!J27-($B27-$B26) -> -752 | G27: =Frames!K27-($C27-$C26) -> 0 | H27: =Frames!L27-($B27-$B26) -> 0 | I27: =Frames!M27-($C27-$C26) -> 0
A28: 14 start (jungle 1) | B28: 33293 | C28: 320 | D28: =Frames!H28-($B28-$B27) -> 5 | E28: =Frames!I28-($C28-$C27) -> 0 | F28: =Frames!J28-($B28-$B27) -> 722 | G28: =Frames!K28-($C28-$C27) -> 299 | H28: =Frames!L28-($B28-$B27) -> 1 | I28: =Frames!M28-($C28-$C27) -> 0
A29: 14 end | B29: 34867 | C29: 322 | D29: =Frames!H29-($B29-$B28) -> 1186 | E29: =Frames!I29-($C29-$C28) -> -2 | F29: =Frames!J29-($B29-$B28) -> 122 | G29: =Frames!K29-($C29-$C28) -> -1 | H29: =Frames!L29-($B29-$B28) -> -1 | I29: =Frames!M29-($C29-$C28) -> 0
A30: 15 start (jungle 2) | B30: 35160 | C30: 346 | D30: =Frames!H30-($B30-$B29) -> 1 | E30: =Frames!I30-($C30-$C29) -> 0 | F30: =Frames!J30-($B30-$B29) -> -123 | G30: =Frames!K30-($C30-$C29) -> 1 | H30: =Frames!L30-($B30-$B29) -> 0 | I30: =Frames!M30-($C30-$C29) -> 0
A31: 15 end | B31: 36102 | C31: 346 | D31: =Frames!H31-($B31-$B30) -> 455 | E31: =Frames!I31-($C31-$C30) -> 0 | F31: =Frames!J31-($B31-$B30) -> 41 | G31: =Frames!K31-($C31-$C30) -> 0 | H31: =Frames!L31-($B31-$B30) -> 0 | I31: =Frames!M31-($C31-$C30) -> 0
A32: 16 start (purple base 1) | B32: 36399 | C32: 416 | D32: =Frames!H32-($B32-$B31) -> 3 | E32: =Frames!I32-($C32-$C31) -> 0 | F32: =Frames!J32-($B32-$B31) -> -36492 | G32: =Frames!K32-($C32-$C31) -> -416 | H32: =Frames!L32-($B32-$B31) -> 0 | I32: =Frames!M32-($C32-$C31) -> 0
... A47: 23 end | B47: 67620 | C47: 800 | D47: =Frames!H47-($B47-$B46) -> 2634 | E47: =Frames!I47-($C47-$C46) -> 0 | F47: =Frames!J47-($B47-$B46) -> -8240 | G47: =Frames!K47-($C47-$C46) -> -1 | H47: =Frames!L47-($B47-$B46) -> -8240 | I47: =Frames!M47-($C47-$C46) -> -1
D48: =Frames!H48-($B48-$B47) -> -18317 | E48: =Frames!I48-($C48-$C47) -> 7 | F48: =Frames!J48-($B48-$B47) -> 67620 | G48: =Frames!K48-($C48-$C47) -> 800
D49: =Frames!H49-($B49-$B48) -> 0 | E49: =Frames!I49-($C49-$C48) -> 0 | F49: =Frames!J49-($B49-$B48) -> 0 | G49: =Frames!K49-($C49-$C48) -> 0
D50: =Frames!H50-($B50-$B49) -> 0 | E50: =Frames!I50-($C50-$C49) -> 0 | F50: =Frames!J50-($B50-$B49) -> 0 | G50: =Frames!K50-($C50-$C49) -> 0
D51: =Frames!H51-($B51-$B50) -> 0 | E51: =Frames!I51-($C51-$C50) -> 0 | F51: =Frames!J51-($B51-$B50) -> 0 | G51: =Frames!K51-($C51-$C50) -> 0
D52: =Frames!H52-($B52-$B51) -> 0 | E52: =Frames!I52-($C52-$C51) -> 0 | F52: =Frames!J52-($B52-$B51) -> 0 | G52: =Frames!K52-($C52-$C51) -> 0
D53: =Frames!H53-($B53-$B52) -> 0 | E53: =Frames!I53-($C53-$C52) -> 0 | F53: =Frames!J53-($B53-$B52) -> 0 | G53: =Frames!K53-($C53-$C52) -> 0
D54: =Frames!H54-($B54-$B53) -> 0 | E54: =Frames!I54-($C54-$C53) -> 0 | F54: =Frames!J54-($B54-$B53) -> 0 | G54: =Frames!K54-($C54-$C53) -> 0
D55: =Frames!H55-($B55-$B54) -> 0 | E55: =Frames!I55-($C55-$C54) -> 0 | F55: =Frames!J55-($B55-$B54) -> 0 | G55: =Frames!K55-($C55-$C54) -> 0
D56: =Frames!H56-($B56-$B55) -> 0 | E56: =Frames!I56-($C56-$C55) -> 0 | F56: =Frames!J56-($B56-$B55) -> 0 | G56: =Frames!K56-($C56-$C55) -> 0
D57: =Frames!H57-($B57-$B56) -> 0 | E57: =Frames!I57-($C57-$C56) -> 0 | F57: =Frames!J57-($B57-$B56) -> 0 | G57: =Frames!K57-($C57-$C56) -> 0
D58: =Frames!H58-($B58-$B57) -> 0 | E58: =Frames!I58-($C58-$C57) -> 0 | F58: =Frames!J58-($B58-$B57) -> 0 | G58: =Frames!K58-($C58-$C57) -> 0
D59: =Frames!H59-($B59-$B58) -> 0 | E59: =Frames!I59-($C59-$C58) -> 0 | F59: =Frames!J59-($B59-$B58) -> 0 | G59: =Frames!K59-($C59-$C58) -> 0
... D70: =Frames!H70-($B70-$B69) -> 0 | E70: =Frames!I70-($C70-$C69) -> 0 | F70: =Frames!J70-($B70-$B69) -> 0 | G70: =Frames!K70-($C70-$C69) -> 0
D71: =Frames!H71-($B71-$B70) -> 0 | E71: =Frames!I71-($C71-$C70) -> 0 | F71: =Frames!J71-($B71-$B70) -> 0 | G71: =Frames!K71-($C71-$C70) -> 0 | K71: =Frames!Q71-($B71-$B70) -> 335 | L71: =Frames!R71-($C71-$C70) -> 167
D72: =Frames!H72-($B72-$B71) -> 0 | E72: =Frames!I72-($C72-$C71) -> 0 | F72: =Frames!J72-($B72-$B71) -> 0 | G72: =Frames!K72-($C72-$C71) -> 0 | K72: =Frames!Q72-($B72-$B71) -> 829 | L72: =Frames!R72-($C72-$C71) -> 418
D73: =Frames!H73-($B73-$B72) -> 0 | E73: =Frames!I73-($C73-$C72) -> 0 | F73: =Frames!J73-($B73-$B72) -> 0 | G73: =Frames!K73-($C73-$C72) -> 0 | K73: =Frames!Q73-($B73-$B72) -> 137 | L73: =Frames!R73-($C73-$C72) -> 73
D74: =Frames!H74-($B74-$B73) -> 0 | E74: =Frames!I74-($C74-$C73) -> 0 | F74: =Frames!J74-($B74-$B73) -> 0 | G74: =Frames!K74-($C74-$C73) -> 0 | K74: =Frames!Q74-($B74-$B73) -> 67 | L74: =Frames!R74-($C74-$C73) -> 39
D75: =Frames!H75-($B75-$B74) -> 0 | E75: =Frames!I75-($C75-$C74) -> 0 | F75: =Frames!J75-($B75-$B74) -> 0 | G75: =Frames!K75-($C75-$C74) -> 0 | K75: =Frames!Q75-($B75-$B74) -> 88 | L75: =Frames!R75-($C75-$C74) -> 52
D76: =Frames!H76-($B76-$B75) -> 0 | E76: =Frames!I76-($C76-$C75) -> 0 | F76: =Frames!J76-($B76-$B75) -> 0 | G76: =Frames!K76-($C76-$C75) -> 0 | K76: =Frames!Q76-($B76-$B75) -> 390 | L76: =Frames!R76-($C76-$C75) -> 202
D77: =Frames!H77-($B77-$B76) -> 0 | E77: =Frames!I77-($C77-$C76) -> 0 | F77: =Frames!J77-($B77-$B76) -> 0 | G77: =Frames!K77-($C77-$C76) -> 0 | K77: =Frames!Q77-($B77-$B76) -> 242 | L77: =Frames!R77-($C77-$C76) -> 130
D78: =Frames!H78-($B78-$B77) -> 0 | E78: =Frames!I78-($C78-$C77) -> 0 | F78: =Frames!J78-($B78-$B77) -> 0 | G78: =Frames!K78-($C78-$C77) -> 0 | K78: =Frames!Q78-($B78-$B77) -> 59 | L78: =Frames!R78-($C78-$C77) -> 39
D79: =Frames!H79-($B79-$B78) -> 0 | E79: =Frames!I79-($C79-$C78) -> 0 | F79: =Frames!J79-($B79-$B78) -> 0 | G79: =Frames!K79-($C79-$C78) -> 0 | K79: =Frames!Q79-($B79-$B78) -> 49 | L79: =Frames!R79-($C79-$C78) -> 29
D80: =Frames!H80-($B80-$B79) -> 0 | E80: =Frames!I80-($C80-$C79) -> 0 | F80: =Frames!J80-($B80-$B79) -> 0 | G80: =Frames!K80-($C80-$C79) -> 0 | K80: =Frames!Q80-($B80-$B79) -> 105 | L80: =Frames!R80-($C80-$C79) -> 57
D81: =Frames!H81-($B81-$B80) -> 0 | E81: =Frames!I81-($C81-$C80) -> 0 | F81: =Frames!J81-($B81-$B80) -> 0 | G81: =Frames!K81-($C81-$C80) -> 0 | K81: =Frames!Q81-($B81-$B80) -> 269 | L81: =Frames!R81-($C81-$C80) -> 141
D82: =Frames!H82-($B82-$B81) -> 0 | E82: =Frames!I82-($C82-$C81) -> 0 | F82: =Frames!J82-($B82-$B81) -> 0 | G82: =Frames!K82-($C82-$C81) -> 0 | K82: =Frames!Q82-($B82-$B81) -> 49 | L82: =Frames!R82-($C82-$C81) -> 25
... D85: =Frames!H85-($B85-$B84) -> 0 | E85: =Frames!I85-($C85-$C84) -> 0 | F85: =Frames!J85-($B85-$B84) -> 0 | G85: =Frames!K85-($C85-$C84) -> 0 | K85: =Frames!Q85-($B85-$B84) -> 21 | L85: =Frames!R85-($C85-$C84) -> 13
D86: =Frames!H86-($B86-$B85) -> 0 | E86: =Frames!I86-($C86-$C85) -> 0 | F86: =Frames!J86-($B86-$B85) -> 0 | G86: =Frames!K86-($C86-$C85) -> 0
D87: =Frames!H87-($B87-$B86) -> 0 | E87: =Frames!I87-($C87-$C86) -> 0 | F87: =Frames!J87-($B87-$B86) -> 0 | G87: =Frames!K87-($C87-$C86) -> 0
D88: =Frames!H88-($B88-$B87) -> 0 | E88: =Frames!I88-($C88-$C87) -> 0 | F88: =Frames!J88-($B88-$B87) -> 0 | G88: =Frames!K88-($C88-$C87) -> 0
D89: =Frames!H89-($B89-$B88) -> 0 | E89: =Frames!I89-($C89-$C88) -> 0 | F89: =Frames!J89-($B89-$B88) -> 0 | G89: =Frames!K89-($C89-$C88) -> 0
D90: =Frames!H90-($B90-$B89) -> 0 | E90: =Frames!I90-($C90-$C89) -> 0 | F90: =Frames!J90-($B90-$B89) -> 0 | G90: =Frames!K90-($C90-$C89) -> 0
D91: =Frames!H91-($B91-$B90) -> 0 | E91: =Frames!I91-($C91-$C90) -> 0 | F91: =Frames!J91-($B91-$B90) -> 0 | G91: =Frames!K91-($C91-$C90) -> 0
D92: =Frames!H92-($B92-$B91) -> 0 | E92: =Frames!I92-($C92-$C91) -> 0 | F92: =Frames!J92-($B92-$B91) -> 0 | G92: =Frames!K92-($C92-$C91) -> 0
D93: =Frames!H93-($B93-$B92) -> 0 | E93: =Frames!I93-($C93-$C92) -> 0 | F93: =Frames!J93-($B93-$B92) -> 0 | G93: =Frames!K93-($C93-$C92) -> 0

Sheet Frames
A1: Measuring point | B1: /*- | C1: /*- lag | D1: various | E1: various lag | F1: redo | G1: redo lag | H1: Sec 1 | I1: Sec 1 lag | J1: Sec 2 | K1: Sec 2 lag | L1: Sec 3 | M1: Sec 3 lag | O1: pre-redo | P1: p-rd lag | Q1: sec | R1: sec lag
A2: 1 start (snow) | B2: 174 | C2: 12 | D2: 174 | E2: 12 | F2: 174 | G2: 12 | H2: =B2 -> 174 | I2: =C2 -> 12 | J2: =D2 -> 174 | K2: =E2 -> 12 | L2: =F2 -> 174 | M2: =G2 -> 12 | N2: This sheet is static. Don't change anything. | Q2: 399 | R2: 374
A3: 1 end | B3: 2235 | C3: 12 | D3: 1448 | E3: 12 | F3: 1448 | G3: 12 | H3: =B3-B2 -> 2061 | I3: =C3-C2 -> 0 | J3: =D3-D2 -> 1274 | K3: =E3-E2 -> 0 | L3: =F3-F2 -> 1274 | M3: =G3-G2 -> 0 | N3: Stage Start = The first frame that isnt pitch black. | Q3: =O3-O2 -> 0 | R3: =P3-P2 -> 0
A4: 2 start (factory 1) | B4: 3388 | C4: 48 | D4: 2561 | E4: 48 | F4: 2561 | G4: 48 | H4: =B4-B3 -> 1153 | I4: =C4-C3 -> 36 | J4: =D4-D3 -> 1113 | K4: =E4-E3 -> 36 | L4: =F4-F3 -> 1113 | M4: =G4-G3 -> 36 | N4: Stage End = The first frame that IS pitch black when the screen fades out. | Q4: =O4-O3 -> 0 | R4: =P4-P3 -> 0
A5: 2 end | B5: 6577 | C5: 48 | D5: 5056 | E5: 48 | F5: 5056 | G5: 48 | H5: =B5-B4 -> 3189 | I5: =C5-C4 -> 0 | J5: =D5-D4 -> 2495 | K5: =E5-E4 -> 0 | L5: =F5-F4 -> 2495 | M5: =G5-G4 -> 0 | Q5: =O5-O4 -> 0 | R5: =P5-P4 -> 0
A6: 3 start (factory 2) | B6: 6867 | C6: 87 | D6: 5346 | E6: 87 | F6: 5346 | G6: 87 | H6: =B6-B5 -> 290 | I6: =C6-C5 -> 39 | J6: =D6-D5 -> 290 | K6: =E6-E5 -> 39 | L6: =F6-F5 -> 290 | M6: =G6-G5 -> 39 | Q6: =O6-O5 -> 0 | R6: =P6-P5 -> 0
A7: 3 end | B7: 10302 | C7: 87 | D7: 7886 | E7: 87 | F7: 7669 | G7: 87 | H7: =B7-B6 -> 3435 | I7: =C7-C6 -> 0 | J7: =D7-D6 -> 2540 | K7: =E7-E6 -> 0 | L7: =F7-F6 -> 2323 | M7: =G7-G6 -> 0 | Q7: =O7-O6 -> 0 | R7: =P7-P6 -> 0
A8: 4 start (sentinel boss) | B8: 10565 | C8: 107 | D8: 8149 | E8: 107 | F8: 7932 | G8: 107 | H8: =B8-B7 -> 263 | I8: =C8-C7 -> 20 | J8: =D8-D7 -> 263 | K8: =E8-E7 -> 20 | L8: =F8-F7 -> 263 | M8: =G8-G7 -> 20 | Q8: =O8-O7 -> 0 | R8: =P8-P7 -> 0
A9: 4 end | B9: 12606 | C9: 107 | D9: 10139 | E9: 107 | F9: 9922 | G9: 107 | H9: =B9-B8 -> 2041 | I9: =C9-C8 -> 0 | J9: =D9-D8 -> 1990 | K9: =E9-E8 -> 0 | L9: =F9-F8 -> 1990 | M9: =G9-G8 -> 0 | Q9: =O9-O8 -> 0 | R9: =P9-P8 -> 0
A10: 5 start (factory 3) | B10: 12751 | C10: 122 | D10: 10284 | E10: 122 | F10: 10067 | G10: 122 | H10: =B10-B9 -> 145 | I10: =C10-C9 -> 15 | J10: =D10-D9 -> 145 | K10: =E10-E9 -> 15 | L10: =F10-F9 -> 145 | M10: =G10-G9 -> 15 | Q10: =O10-O9 -> 0 | R10: =P10-P9 -> 0
A11: 5 end | B11: 15483 | C11: 122 | D11: 12200 | E11: 122 | F11: 11983 | G11: 122 | H11: =B11-B10 -> 2732 | I11: =C11-C10 -> 0 | J11: =D11-D10 -> 1916 | K11: =E11-E10 -> 0 | L11: =F11-F10 -> 1916 | M11: =G11-G10 -> 0 | Q11: =O11-O10 -> 0 | R11: =P11-P10 -> 0
A12: 6 start (space base 1) | B12: 15752 | C12: 146 | D12: 12468 | E12: 146 | F12: 12251 | G12: 146 | H12: =B12-B11 -> 269 | I12: =C12-C11 -> 24 | J12: =D12-D11 -> 268 | K12: =E12-E11 -> 24 | L12: =F12-F11 -> 268 | M12: =G12-G11 -> 24 | Q12: =O12-O11 -> 0 | R12: =P12-P11 -> 0
A13: 6 end | B13: 17320 | C13: 147 | D13: 13665 | E13: 147 | F13: 13448 | G13: 147 | H13: =B13-B12 -> 1568 | I13: =C13-C12 -> 1 | J13: =D13-D12 -> 1197 | K13: =E13-E12 -> 1 | L13: =F13-F12 -> 1197 | M13: =G13-G12 -> 1 | Q13: =O13-O12 -> 0 | R13: =P13-P12 -> 0
A14: 7 start (space base 2) | B14: 17586 | C14: 166 | D14: 13931 | E14: 166 | F14: 13714 | G14: 166 | H14: =B14-B13 -> 266 | I14: =C14-C13 -> 19 | J14: =D14-D13 -> 266 | K14: =E14-E13 -> 19 | L14: =F14-F13 -> 266 | M14: =G14-G13 -> 19 | Q14: =O14-O13 -> 0 | R14: =P14-P13 -> 0
A15: 7 end | B15: 20643 | C15: 166 | D15: 16136 | E15: 166 | F15: 15873 | G15: 166 | H15: =B15-B14 -> 3057 | I15: =C15-C14 -> 0 | J15: =D15-D14 -> 2205 | K15: =E15-E14 -> 0 | L15: =F15-F14 -> 2159 | M15: =G15-G14 -> 0 | Q15: =O15-O14 -> 0 | R15: =P15-P14 -> 0
A16: 8 start (falling level) | B16: 20880 | C16: 184 | D16: 16373 | E16: 185 | F16: 16110 | G16: 185 | H16: =B16-B15 -> 237 | I16: =C16-C15 -> 18 | J16: =D16-D15 -> 237 | K16: =E16-E15 -> 19 | L16: =F16-F15 -> 237 | M16: =G16-G15 -> 19 | Q16: =O16-O15 -> 0 | R16: =P16-P15 -> 0
A17: 8 end | B17: 24090 | C17: 184 | F17: 18911 | G17: 185 | H17: =B17-B16 -> 3210 | I17: =C17-C16 -> 0 | J17: =D17-D16 -> -16373 | K17: =E17-E16 -> -185 | L17: =F17-F16 -> 2801 | M17: =G17-G16 -> 0 | Q17: =O17-O16 -> 0 | R17: =P17-P16 -> 0
A18: 9 start (Exodus boss) | B18: 24409 | C18: 203 | F18: 19227 | G18: 204 | H18: =B18-B17 -> 319 | I18: =C18-C17 -> 19 | J18: =D18-D17 -> 0 | K18: =E18-E17 -> 0 | L18: =F18-F17 -> 316 | M18: =G18-G17 -> 19 | Q18: =O18-O17 -> 0 | R18: =P18-P17 -> 0
A19: 9 end | B19: 25489 | C19: 203 | F19: 20307 | G19: 204 | H19: =B19-B18 -> 1080 | I19: =C19-C18 -> 0 | J19: =D19-D18 -> 0 | K19: =E19-E18 -> 0 | L19: =F19-F18 -> 1080 | M19: =G19-G18 -> 0 | Q19: =O19-O18 -> 0 | R19: =P19-P18 -> 0
A20: 10 start (Magneto boss) | B20: 25717 | C20: 222 | F20: 20568 | G20: 223 | H20: =B20-B19 -> 228 | I20: =C20-C19 -> 19 | J20: =D20-D19 -> 0 | K20: =E20-E19 -> 0 | L20: =F20-F19 -> 261 | M20: =G20-G19 -> 19 | Q20: =O20-O19 -> 0 | R20: =P20-P19 -> 0
A21: 10 end | B21: 27309 | C21: 222 | F21: 22083 | G21: 223 | H21: =B21-B20 -> 1592 | I21: =C21-C20 -> 0 | J21: =D21-D20 -> 0 | K21: =E21-E20 -> 0 | L21: =F21-F20 -> 1515 | M21: =G21-G20 -> 0
A22: 11 start (pyramid + Tusk) | B22: 27593 | C22: 252 | D22: 22367 | F22: 22367 | G22: 253 | H22: =B22-B21 -> 284 | I22: =C22-C21 -> 30 | J22: =D22-D21 -> 22367 | K22: =E22-E21 -> 0 | L22: =F22-F21 -> 284 | M22: =G22-G21 -> 30
A23: 11 end | B23: 31552 | C23: 252 | D23: 25451 | F23: 25379 | G23: 253 | H23: =B23-B22 -> 3959 | I23: =C23-C22 -> 0 | J23: =D23-D22 -> 3084 | K23: =E23-E22 -> 0 | L23: =F23-F22 -> 3012 | M23: =G23-G22 -> 0
A24: 12 start (inside pyramid) | B24: 31846 | C24: 279 | D24: 25709 | F24: 25637 | G24: 280 | H24: =B24-B23 -> 294 | I24: =C24-C23 -> 27 | J24: =D24-D23 -> 258 | K24: =E24-E23 -> 0 | L24: =F24-F23 -> 258 | M24: =G24-G23 -> 27
A25: 12 end | B25: 37036 | C25: 279 | D25: 29357 | F25: 29285 | G25: 280 | H25: =B25-B24 -> 5190 | I25: =C25-C24 -> 0 | J25: =D25-D24 -> 3648 | K25: =E25-E24 -> 0 | L25: =F25-F24 -> 3648 | M25: =G25-G24 -> 0
A26: 13 start (Apocalyse boss) | B26: 37302 | C26: 298 | D26: 29578 | F26: 29547 | G26: 299 | H26: =B26-B25 -> 266 | I26: =C26-C25 -> 19 | J26: =D26-D25 -> 221 | K26: =E26-E25 -> 0 | L26: =F26-F25 -> 262 | M26: =G26-G25 -> 19
A27: 13 end | B27: 41261 | C27: 298 | D27: 32287 | F27: 33008 | G27: 299 | H27: =B27-B26 -> 3959 | I27: =C27-C26 -> 0 | J27: =D27-D26 -> 2709 | K27: =E27-E26 -> 0 | L27: =F27-F26 -> 3461 | M27: =G27-G26 -> 0
A28: 14 start (jungle 1) | B28: 41603 | C28: 319 | D28: 33346 | E28: 320 | F28: 33346 | G28: 320 | H28: =B28-B27 -> 342 | I28: =C28-C27 -> 21 | J28: =D28-D27 -> 1059 | K28: =E28-E27 -> 320 | L28: =F28-F27 -> 338 | M28: =G28-G27 -> 21
A29: 14 end | B29: 44363 | C29: 319 | D29: 35042 | E29: 321 | F29: 34919 | G29: 322 | H29: =B29-B28 -> 2760 | I29: =C29-C28 -> 0 | J29: =D29-D28 -> 1696 | K29: =E29-E28 -> 1 | L29: =F29-F28 -> 1573 | M29: =G29-G28 -> 2
A30: 15 start (jungle 2) | B30: 44657 | C30: 343 | D30: 35212 | E30: 346 | F30: 35212 | G30: 346 | H30: =B30-B29 -> 294 | I30: =C30-C29 -> 24 | J30: =D30-D29 -> 170 | K30: =E30-E29 -> 25 | L30: =F30-F29 -> 293 | M30: =G30-G29 -> 24
A31: 15 end | B31: 46054 | C31: 343 | D31: 36195 | E31: 346 | F31: 36154 | G31: 346 | H31: =B31-B30 -> 1397 | I31: =C31-C30 -> 0 | J31: =D31-D30 -> 983 | K31: =E31-E30 -> 0 | L31: =F31-F30 -> 942 | M31: =G31-G30 -> 0
A32: 16 start (purple base 1) | B32: 46354 | C32: 413 | F32: 36451 | G32: 416 | H32: =B32-B31 -> 300 | I32: =C32-C31 -> 70 | J32: =D32-D31 -> -36195 | K32: =E32-E31 -> -346 | L32: =F32-F31 -> 297 | M32: =G32-G31 -> 70
A33: 16 end | B33: 48413 | C33: 413 | F33: 37705 | G33: 416 | H33: =B33-B32 -> 2059 | I33: =C33-C32 -> 0 | J33: =D33-D32 -> 0 | K33: =E33-E32 -> 0 | L33: =F33-F32 -> 1254 | M33: =G33-G32 -> 0
A34: 17 start (purple base 2) | B34: 48720 | C34: 496 | D34: 38008 | E34: 499 | F34: 38008 | G34: 499 | H34: =B34-B33 -> 307 | I34: =C34-C33 -> 83 | J34: =D34-D33 -> 38008 | K34: =E34-E33 -> 499 | L34: =F34-F33 -> 303 | M34: =G34-G33 -> 83
A35: 17 end | B35: 50310 | C35: 496 | D35: 39045 | E35: 499 | F35: 39005 | G35: 499 | H35: =B35-B34 -> 1590 | I35: =C35-C34 -> 0 | J35: =D35-D34 -> 1037 | K35: =E35-E34 -> 0 | L35: =F35-F34 -> 997 | M35: =G35-G34 -> 0
A36: 18 start (transformer boss) | B36: 50579 | C36: 518 | D36: 39311 | E36: 521 | F36: 39271 | G36: 521 | H36: =B36-B35 -> 269 | I36: =C36-C35 -> 22 | J36: =D36-D35 -> 266 | K36: =E36-E35 -> 22 | L36: =F36-F35 -> 266 | M36: =G36-G35 -> 22
A37: 18 end | B37: 52068 | C37: 518 | D37: 40674 | E37: 521 | F37: 40500 | G37: 521 | H37: =B37-B36 -> 1489 | I37: =C37-C36 -> 0 | J37: =D37-D36 -> 1363 | K37: =E37-E36 -> 0 | L37: =F37-F36 -> 1229 | M37: =G37-G36 -> 0
A38: 19 start (yellow base) | B38: 52468 | C38: 583 | D38: 40908 | F38: 40908 | G38: 586 | H38: =B38-B37 -> 400 | I38: =C38-C37 -> 65 | J38: =D38-D37 -> 234 | K38: =E38-E37 -> -521 | L38: =F38-F37 -> 408 | M38: =G38-G37 -> 65
A39: 19 end | B39: 56345 | C39: 583 | D39: 43213 | F39: 43036 | G39: 586 | H39: =B39-B38 -> 3877 | I39: =C39-C38 -> 0 | J39: =D39-D38 -> 2305 | K39: =E39-E38 -> 0 | L39: =F39-F38 -> 2128 | M39: =G39-G38 -> 0
A40: 20 start (elevator + Deathbird) | B40: 56573 | C40: 602 | H40: =B40-B39 -> 228 | I40: =C40-C39 -> 19 | J40: =D40-D39 -> -43213 | K40: =E40-E39 -> 0 | L40: =F40-F39 -> -43036 | M40: =G40-G39 -> -586
A41: 20 end | B41: 64416 | C41: 602 | H41: =B41-B40 -> 7843 | I41: =C41-C40 -> 0 | J41: =D41-D40 -> 0 | K41: =E41-E40 -> 0 | L41: =F41-F40 -> 0 | M41: =G41-G40 -> 0
A42: 21 start (blue base) | B42: 64710 | C42: 626 | H42: =B42-B41 -> 294 | I42: =C42-C41 -> 24 | J42: =D42-D41 -> 0 | K42: =E42-E41 -> 0 | L42: =F42-F41 -> 0 | M42: =G42-G41 -> 0
A43: 21 end | B43: 68257 | C43: 626 | H43: =B43-B42 -> 3547 | I43: =C43-C42 -> 0 | J43: =D43-D42 -> 0 | K43: =E43-E42 -> 0 | L43: =F43-F42 -> 0 | M43: =G43-G42 -> 0
A44: 22 start (green base) | B44: 68544 | C44: 643 | H44: =B44-B43 -> 287 | I44: =C44-C43 -> 17 | J44: =D44-D43 -> 0 | K44: =E44-E43 -> 0 | L44: =F44-F43 -> 0 | M44: =G44-G43 -> 0
A45: 22 end | B45: 74726 | C45: 755 | H45: =B45-B44 -> 6182 | I45: =C45-C44 -> 112 | J45: =D45-D44 -> 0 | K45: =E45-E44 -> 0 | L45: =F45-F44 -> 0 | M45: =G45-G44 -> 0
A46: 23 start (final boss + clones) | B46: 75063 | C46: 792 | H46: =B46-B45 -> 337 | I46: =C46-C45 -> 37 | J46: =D46-D45 -> 0 | K46: =E46-E45 -> 0 | L46: =F46-F45 -> 0 | M46: =G46-G45 -> 0
A47: 23 end | B47: 85937 | C47: 793 | H47: =B47-B46 -> 10874 | I47: =C47-C46 -> 1 | J47: =D47-D46 -> 0 | K47: =E47-E46 -> 0 | L47: =F47-F46 -> 0 | M47: =G47-G46 -> 0
H48: =B48-B47 -> -85937 | I48: =C48-C47 -> -793 | J48: =D48-D47 -> 0 | K48: =E48-E47 -> 0 | L48: =F48-F47 -> 0 | M48: =G48-G47 -> 0
H49: =B49-B48 -> 0 | I49: =C49-C48 -> 0 | J49: =D49-D48 -> 0 | K49: =E49-E48 -> 0 | L49: =F49-F48 -> 0 | M49: =G49-G48 -> 0
H50: =B50-B49 -> 0 | I50: =C50-C49 -> 0 | J50: =D50-D49 -> 0 | K50: =E50-E49 -> 0 | L50: =F50-F49 -> 0 | M50: =G50-G49 -> 0
H51: =B51-B50 -> 0 | I51: =C51-C50 -> 0 | J51: =D51-D50 -> 0 | K51: =E51-E50 -> 0 | L51: =F51-F50 -> 0 | M51: =G51-G50 -> 0
H52: =B52-B51 -> 0 | I52: =C52-C51 -> 0 | J52: =D52-D51 -> 0 | K52: =E52-E51 -> 0 | L52: =F52-F51 -> 0 | M52: =G52-G51 -> 0
H53: =B53-B52 -> 0 | I53: =C53-C52 -> 0 | J53: =D53-D52 -> 0 | K53: =E53-E52 -> 0 | L53: =F53-F52 -> 0 | M53: =G53-G52 -> 0
H54: =B54-B53 -> 0 | I54: =C54-C53 -> 0 | J54: =D54-D53 -> 0 | K54: =E54-E53 -> 0 | L54: =F54-F53 -> 0 | M54: =G54-G53 -> 0
H55: =B55-B54 -> 0 | I55: =C55-C54 -> 0 | J55: =D55-D54 -> 0 | K55: =E55-E54 -> 0 | L55: =F55-F54 -> 0 | M55: =G55-G54 -> 0
H56: =B56-B55 -> 0 | I56: =C56-C55 -> 0 | J56: =D56-D55 -> 0 | K56: =E56-E55 -> 0 | L56: =F56-F55 -> 0 | M56: =G56-G55 -> 0
H57: =B57-B56 -> 0 | I57: =C57-C56 -> 0 | J57: =D57-D56 -> 0 | K57: =E57-E56 -> 0 | L57: =F57-F56 -> 0 | M57: =G57-G56 -> 0
H58: =B58-B57 -> 0 | I58: =C58-C57 -> 0 | J58: =D58-D57 -> 0 | K58: =E58-E57 -> 0 | L58: =F58-F57 -> 0 | M58: =G58-G57 -> 0
H59: =B59-B58 -> 0 | I59: =C59-C58 -> 0 | J59: =D59-D58 -> 0 | K59: =E59-E58 -> 0 | L59: =F59-F58 -> 0 | M59: =G59-G58 -> 0
... H69: =B69-B68 -> 0 | I69: =C69-C68 -> 0 | J69: =D69-D68 -> 0 | K69: =E69-E68 -> 0 | L69: =F69-F68 -> 0 | M69: =G69-G68 -> 0
H70: =B70-B69 -> 0 | I70: =C70-C69 -> 0 | J70: =D70-D69 -> 0 | K70: =E70-E69 -> 0 | L70: =F70-F69 -> 0 | M70: =G70-G69 -> 0 | O70: 25064 | P70: 13584 | Q70: =O70-O69 -> 25064 | R70: =P70-P69 -> 13584
H71: =B71-B70 -> 0 | I71: =C71-C70 -> 0 | J71: =D71-D70 -> 0 | K71: =E71-E70 -> 0 | L71: =F71-F70 -> 0 | M71: =G71-G70 -> 0 | O71: 25399 | P71: 13751 | Q71: =O71-O70 -> 335 | R71: =P71-P70 -> 167
H72: =B72-B71 -> 0 | I72: =C72-C71 -> 0 | J72: =D72-D71 -> 0 | K72: =E72-E71 -> 0 | L72: =F72-F71 -> 0 | M72: =G72-G71 -> 0 | O72: 26228 | P72: 14169 | Q72: =O72-O71 -> 829 | R72: =P72-P71 -> 418
H73: =B73-B72 -> 0 | I73: =C73-C72 -> 0 | J73: =D73-D72 -> 0 | K73: =E73-E72 -> 0 | L73: =F73-F72 -> 0 | M73: =G73-G72 -> 0 | O73: 26365 | P73: 14242 | Q73: =O73-O72 -> 137 | R73: =P73-P72 -> 73
H74: =B74-B73 -> 0 | I74: =C74-C73 -> 0 | J74: =D74-D73 -> 0 | K74: =E74-E73 -> 0 | L74: =F74-F73 -> 0 | M74: =G74-G73 -> 0 | O74: 26432 | P74: 14281 | Q74: =O74-O73 -> 67 | R74: =P74-P73 -> 39
H75: =B75-B74 -> 0 | I75: =C75-C74 -> 0 | J75: =D75-D74 -> 0 | K75: =E75-E74 -> 0 | L75: =F75-F74 -> 0 | M75: =G75-G74 -> 0 | O75: 26520 | P75: 14333 | Q75: =O75-O74 -> 88 | R75: =P75-P74 -> 52
H76: =B76-B75 -> 0 | I76: =C76-C75 -> 0 | J76: =D76-D75 -> 0 | K76: =E76-E75 -> 0 | L76: =F76-F75 -> 0 | M76: =G76-G75 -> 0 | O76: 26910 | P76: 14535 | Q76: =O76-O75 -> 390 | R76: =P76-P75 -> 202
H77: =B77-B76 -> 0 | I77: =C77-C76 -> 0 | J77: =D77-D76 -> 0 | K77: =E77-E76 -> 0 | L77: =F77-F76 -> 0 | M77: =G77-G76 -> 0 | O77: 27152 | P77: 14665 | Q77: =O77-O76 -> 242 | R77: =P77-P76 -> 130
H78: =B78-B77 -> 0 | I78: =C78-C77 -> 0 | J78: =D78-D77 -> 0 | K78: =E78-E77 -> 0 | L78: =F78-F77 -> 0 | M78: =G78-G77 -> 0 | O78: 27211 | P78: 14704 | Q78: =O78-O77 -> 59 | R78: =P78-P77 -> 39
H79: =B79-B78 -> 0 | I79: =C79-C78 -> 0 | J79: =D79-D78 -> 0 | K79: =E79-E78 -> 0 | L79: =F79-F78 -> 0 | M79: =G79-G78 -> 0 | O79: 27260 | P79: 14733 | Q79: =O79-O78 -> 49 | R79: =P79-P78 -> 29
H80: =B80-B79 -> 0 | I80: =C80-C79 -> 0 | J80: =D80-D79 -> 0 | K80: =E80-E79 -> 0 | L80: =F80-F79 -> 0 | M80: =G80-G79 -> 0 | O80: 27365 | P80: 14790 | Q80: =O80-O79 -> 105 | R80: =P80-P79 -> 57
H81: =B81-B80 -> 0 | I81: =C81-C80 -> 0 | J81: =D81-D80 -> 0 | K81: =E81-E80 -> 0 | L81: =F81-F80 -> 0 | M81: =G81-G80 -> 0 | O81: 27634 | P81: 14931 | Q81: =O81-O80 -> 269 | R81: =P81-P80 -> 141
... H88: =B88-B87 -> 0 | I88: =C88-C87 -> 0 | J88: =D88-D87 -> 0 | K88: =E88-E87 -> 0 | L88: =F88-F87 -> 0 | M88: =G88-G87 -> 0 | O88: 30069 | P88: 16363 | Q88: =O88-O87 -> 36 | R88: =P88-P87 -> 24
H89: =B89-B88 -> 0 | I89: =C89-C88 -> 0 | J89: =D89-D88 -> 0 | K89: =E89-E88 -> 0 | L89: =F89-F88 -> 0 | M89: =G89-G88 -> 0
H90: =B90-B89 -> 0 | I90: =C90-C89 -> 0 | J90: =D90-D89 -> 0 | K90: =E90-E89 -> 0 | L90: =F90-F89 -> 0 | M90: =G90-G89 -> 0
H91: =B91-B90 -> 0 | I91: =C91-C90 -> 0 | J91: =D91-D90 -> 0 | K91: =E91-E90 -> 0 | L91: =F91-F90 -> 0 | M91: =G91-G90 -> 0
H92: =B92-B91 -> 0 | I92: =C92-C91 -> 0 | J92: =D92-D91 -> 0 | K92: =E92-E91 -> 0 | L92: =F92-F91 -> 0 | M92: =G92-G91 -> 0
H93: =B93-B92 -> 0 | I93: =C93-C92 -> 0 | J93: =D93-D92 -> 0 | K93: =E93-E92 -> 0 | L93: =F93-F92 -> 0 | M93: =G93-G92 -> 0

Sheet Glitches
A1: Glitches | B1: useful (where) | C1: useful (where) | D1: useful (where) | E1: useful (where) | F1: useful (where)
A2: Stomps and downward attacks have high acceleration but lower max speed. Stop the stomp and fall normally after you reach the stomp speed cap.
A4: Nightcrawlers jump kick.

Sheet Data
A1: Data (weapon damages, travel speeds)
A2: Attack | B2: Damage | E2: Notes
A3: Beast
A4: Ground pound | B4: 8
A5: Ground pound projectile (yellow health) | B5: 2
A6: All other attacks | B6: 4
A8: Nightcrawler
A9: Teleport with yellow health | B9: 4 | C9: can hit twice | E9: Regardless of charged/uncharged, charge only determines length traveled.
A10: Teleport without yellow health | B10: 1 | C10: can hit twice | E10: Regardless of charged/uncharged, charge only determines length traveled.
A11: All other attacks | B11: 2
A13: Wolverine
A14: Lunge with yellow health | B14: 8
A15: All other attacks | B15: 2
A17: Cyclops/Gambit
A18: Charged laser/card with yellow health | B18: 4
A19: Uncharged laser/card with yellow health | B19: 2
A20: Charged laser/card without yellow health | B20: 2
A21: Uncharged laser/card without yellow health | B21: 1
A22: All other attacks | B22: 2
A24: Psylocke
A25: Energy punch with yellow health | B25: '4 | C25: can hit twice | E25: Second hit depends on enemy invulnerability length
A26: Energy punch without yellow health | B26: '2 | C26: can hit twice | E26: Second hit depends on enemy invulnerability length
A27: All other attacks | B27: 2 | E27: A-punch only hits biological enemies.
A29: Magneto
A30: Energy ball with yellow health | B30: 4
A31: Energy ball without yellow health | B31: 2
A32: Small shots | B32: 1
A36: Horizontal movement | B36: Speed | C36: Acceleration | D36: Deceleration
A37: General
A38: acceleration on ground | B38: '0:80
A40: Beast
A41: max speed on ground | B41: '3:132
A42: max speed in air | B42: '2:226
A43: acceleration in air | B43: instant?
A44: roll move | B44: '6:0
A46: Nightcrawler
A47: max speed on ground | B47: '4:20
A48: max speed in air | B48: '2:156
A49: max speed in somersault | B49: '6:0
A50: acceleration in air | B50: '0:128
A51: acceleration in somersault | B51: '1:0
A52: max speed during forward kick | B52: '8:252
A53: max speed during diagonal kick | B53: '7:48
A54: acceleration during diagonal kick | B54: '0:150
A56: Wolverine
A57: max speed on ground | B57: '4:0
A58: max speed in air | B58: '3:89
A59: max speed in somersault | B59: '2:245
A60: acceleration in air | B60: instant?
A61: acceleration in somersault | B61: '0:128
A62: speed during lunge from ground | B62: '3:150
A63: speed during lunge from air | B63: '6:68
A64: speed during somersault | B64: '2:254
A66: Gambit
A67: max speed on ground | B67: '3:190
A68: max speed in air | B68: '2:206
A69: acceleration in air | B69: instant?
A70: max speed during forward kick | B70: '8:0
A72: Psylocke
A73: max speed on ground | B73: '3:140
A74: max speed in air (also somersault) | B74: '2:66
A75: acceleration in air | B75: '0:128
A76: max speed during forward punch | B76: '7:8
A78: Cyclops
A79: max speed on ground | B79: '3:110
A80: max speed in air | B80: '2:206
A81: acceleration in air | B81: instant?
A82: max speed during forward kick | B82: '5:20
A84: Magneto
A85: max speed on ground | B85: '2:194
A86: acceleration in air | B86: '0:200
A88: Vertical movement | B88: Speed
A89: General
A90: Gravity | B90: '0:81 | E90: Nightcrawler, Psylocke, Beast | F90: =(1*256)+144 -> 400 | G90: =(1*256)+94 -> 350
A91: Gravity | B91: '0:70 | E91: Wolverine, Gambit, Cyclops | F91: 70 | G91: 81
A92: Gravity | B92: '0:35 | E92: Magneto | F92: =F90/F91 -> 5.7142857 | G92: =G90/G91 -> 4.3209877
A93: Deacceleration in air (no direction pressed) | B93: '0:64 | E93: Everyone except Magneto
A94: Deacceleration in air (no direction pressed) | B94: instant | E94: Magneto | F94: =(2*256)+193 -> 705
A95: Max fall speed | B95: '16:0 | E95: Everyone except Nightcrawler | F95: =(1*256)+214 -> 470
A96: Max fall speed | B96: '18:0 | E96: Nightcrawler
A98: Beast
A99: Max downspeed during stomp | B99: '8:96
A100: Acceleration during stomp | B100: '0:180
A102: Nightcrawler
A103: Max downspeed during stomp | B103: '8:96
A104: Max downspeed during diagonal kick | B104: '8:96
A105: Acceleration during stomp/diagonal kick | B105: '0:180
A106: Acceleration during bugged fall | B106: '1:94
A108: Wolverine
A109: Max downspeed during downwards attack | B109: '8:96
A110: Acceleration during downwards attack | B110: '0:180
A112: Character | B112: Jump initial speed | C112: Gravity | D112: Max downspeed
A113: Beast | B113: '8:252 | C113: '0:81 | D113: '16:0
A114: Nightcrawler | B114: '8:224 | C114: '0:81 | D114: '18:0
A115: Psylocke | B115: '8:184 | C115: '0:81 | D115: '16:0
A116: Wolverine | B116: '7:180 | C116: '0:70 | D116: '16:0
A117: Gambit | B117: '7:159 | C117: '0:70 | D117: '16:0
A118: Cyclops | B118: '7:156 | C118: '0:70 | D118: '16:0
A119: Magneto | B119: '6:196 | C119: '0:35 | D119: '16:0

Sheet Cheats

Sheet Scratchpad
C2: old | D2: diff | E2: new | F2: diff | G2: imp | H2: x
B3: start | C3: 22367 | E3: 22367
B4: ledge 1, R | C4: 22773 | D4: =C4-C3 -> 406 | E4: 22759 | F4: =E4-E3 -> 392 | G4: =D4-F4 -> 14 | H4: >3166
B5: ledge 2, L | C5: 23146 | D5: =C5-C4 -> 373 | E5: 23127 | F5: =E5-E4 -> 368 | G5: =D5-F5 -> 5 | H5: <583
B6: ledge 3, R | C6: 23491 | D6: =C6-C5 -> 345 | E6: 23459 | F6: =E6-E5 -> 332 | G6: =D6-F6 -> 13 | H6: >2800 | P6: || | Q6: Character | R6: || | S6: Jump initial speed | T6: || | U6: Gravity | V6: || | W6: Max downspeed
B7: ledge 4, L | C7: 23803 | D7: =C7-C6 -> 312 | E7: 23754 | F7: =E7-E6 -> 295 | G7: =D7-F7 -> 17 | P7: | | Q7: Beast | R7: | | S7: '8:252 | T7: | | U7: '0:81 | V7: | | W7: '16:0
B8: ledge 5, R | C8: 24072 | D8: =C8-C7 -> 269 | E8: 24014 | F8: =E8-E7 -> 260 | G8: =D8-F8 -> 9 | P8: | | Q8: Nightcrawler | R8: | | S8: '8:224 | T8: | | U8: '0:81 | V8: | | W8: '18:0
B9: upper ledge | C9: 24203 | D9: =C9-C8 -> 131 | E9: 24149 | F9: =E9-E8 -> 135 | G9: =D9-F9 -> -4 | P9: | | Q9: Psylocke | R9: | | S9: '8:184 | T9: | | U9: '0:81 | V9: | | W9: '16:0
B10: ledge 7, R | C10: 24253 | D10: =C10-C9 -> 50 | E10: 24192 | F10: =E10-E9 -> 43 | G10: =D10-F10 -> 7 | P10: | | Q10: Wolverine | R10: | | S10: '7:180 | T10: | | U10: '0:70 | V10: | | W10: '16:0
B11: upper ledge 2 | C11: 24366 | D11: =C11-C10 -> 113 | E11: 24303 | F11: =E11-E10 -> 111 | G11: =D11-F11 -> 2 | P11: | | Q11: Gambit | R11: | | S11: '7:159 | T11: | | U11: '0:70 | V11: | | W11: '16:0
B12: ledge 9, R | C12: 24390 | D12: =C12-C11 -> 24 | E12: 24327 | F12: =E12-E11 -> 24 | G12: =D12-F12 -> 0 | P12: | | Q12: Cyclops | R12: | | S12: '7:156 | T12: | | U12: '0:70 | V12: | | W12: '16:0
B13: ledge under boss | C13: 24410 | D13: =C13-C12 -> 20 | E13: 24343 | F13: =E13-E12 -> 16 | G13: =D13-F13 -> 4 | P13: | | Q13: Magneto | R13: | | S13: '6:196 | T13: | | U13: '0:35 | V13: | | W13: '16:0
B14: boss hp decrease | C14: 24431 | D14: =C14-C13 -> 21 | E14: 24365 | F14: =E14-E13 -> 22 | G14: =D14-F14 -> -1
B15: 28 | E15: 24365 | F15: =E15-E14 -> 0
B16: 24 | E16: 24477 | F16: =E16-E15 -> 112 | M16: 217
B17: 20 | E17: 24589 | F17: =E17-E16 -> 112 | M17: 70
B18: 16 | E18: 24701 | F18: =E18-E17 -> 112 | M18: 242
B19: 12 | E19: 24813 | F19: =E19-E18 -> 112 | M19: 334
B20: 8 | E20: 24925 | F20: =E20-E19 -> 112
B21: 4 | E21: 25037 | F21: =E21-E20 -> 112
B22: 0 | E22: 25149 | F22: =E22-E21 -> 112 | M22: 615
M23: 341 | P23: || | Q23: Beast | R23: || | S23: Max speed | T23: || | U23: Acceleration
C24: old | D24: new | M24: 334 | P24: | | Q24: Stomp | R24: | | S24: '8:96 | T24: | | U24: '0:180
B25: gambit | C25: 66089 | D25: 65740 | E25: =C25-D25 -> 349 | P25: || | Q25: Nightcrawler | R25: || | S25: Max speed | T25: || | U25: Acceleration
C26: 66120 | D26: 65771 | E26: =C26-D26 -> 349 | P26: | | Q26: Stomp | R26: | | S26: '8:96 | T26: | | U26: '0:180
C27: 66162 | D27: 65813 | E27: =C27-D27 -> 349 | M27: 248 | P27: | | Q27: Diagonal kick | R27: | | S27: '8:96 | T27: | | U27: '0:180
C28: 66193 | D28: 65844 | E28: =C28-D28 -> 349 | M28: 330 | P28: | | Q28: Quick drop | R28: | | S28: '18:0 | T28: | | U28: '1:94
C29: 66242 | D29: 65890 | E29: =C29-D29 -> 352 | M29: 341 | P29: || | Q29: Wolverine | R29: || | S29: Max speed | T29: || | U29: Acceleration
C30: 66567 | D30: 66206 | E30: =C30-D30 -> 361 | M30: 334 | P30: | | Q30: Downwards attack | R30: | | S30: '8:96 | T30: | | U30: '0:180
M31: 341 | P31: | | Q31: Quick drop | R31: | | S31: '16:0 | T31: | | U31: '1:144
B32: hit 1 | C32: 67000 | D32: 66634 | M32: 334
B33: hit 2 | C33: 67032 | D33: 66665 | E33: =C33-C32 -> 32 | F33: =D33-D32 -> 31 | M33: =sum(M16:M32) -> 4081
B34: hit 3 | C34: 67077 | D34: 66710 | E34: =C34-C33 -> 45 | F34: =D34-D33 -> 45
B35: hit 4 | C35: 67109 | D35: 66742 | E35: =C35-C34 -> 32 | F35: =D35-D34 -> 32
B36: morph start | C36: 67149 | D36: 66780 | E36: =C36-C35 -> 40 | F36: =D36-D35 -> 38
B37: hit 1 | C37: 67990 | D37: 67537 | G37: 67537
B38: hit 2 | C38: 68040 | D38: 67574 | E38: =C38-C37 -> 50 | F38: =D38-D37 -> 37 | G38: 67573
B39: hit 3 | C39: 68070 | D39: 67604 | E39: =C39-C38 -> 30 | F39: =D39-D38 -> 30
B40: hit 4 | C40: 68101 | D40: 67635 | E40: =C40-C39 -> 31 | F40: =D40-D39 -> 31
B41: morph start | C41: 68144 | D41: 67678 | E41: =C41-C40 -> 43 | F41: =D41-D40 -> 43
C44: me | E44: aglar
B45: start | C45: 117 | D45: 29 | E45: 10348 | F45: 2075
B46: 200 | C46: 225 | D46: 32 | E46: 10456 | F46: 2078 | G46: =C46-C45 -> 108 | H46: =E46-E45 -> 108 | I46: =H46-G46 -> 0
B47: 400 | C47: 319 | D47: 51 | E47: 10554 | F47: 2094 | G47: =C47-C46 -> 94 | H47: =E47-E46 -> 98 | I47: =H47-G47 -> 4
B48: spin 1 | C48: 382 | D48: 68 | E48: 10610 | F48: 2122 | G48: =C48-C47 -> 63 | H48: =E48-E47 -> 56 | I48: =H48-G48 -> -7
B49: 600 | C49: 421 | D49: 81 | E49: 10641 | F49: 2123 | G49: =C49-C48 -> 39 | H49: =E49-E48 -> 31 | I49: =H49-G49 -> -8
B50: 700 | C50: 482 | D50: 96 | E50: 10708 | F50: 2139 | G50: =C50-C49 -> 61 | H50: =E50-E49 -> 67 | I50: =H50-G50 -> 6
B51: 800 | E51: 10741 | F51: 2143 | I51: =H51-G51 -> 0
B52: 1000 | E52: 10870 | F52: 2166
B53: 1200
B54: 1400
B55: 1600
B56: 1800
B57: 2000
C59: old | D59: new | F59: sonikk | I59: fast
B60: hit 1 | C60: 39600 | D60: 39600 | E60: =C60-D60 -> 0 | F60: 39560 | G60: =C60-F60 -> 40 | H60: =D60-F60 -> 40 | I60: 39560
B61: hit 2 | C61: 39639 | D61: 39633 | E61: =C61-D61 -> 6 | F61: 39591 | G61: =C61-F61 -> 48 | H61: =D61-F61 -> 42 | I61: 39591 | J61: =I61-I60 -> 31
B62: hit 3 | C62: 39677 | D62: 39684 | E62: =C62-D62 -> -7 | F62: 39640 | G62: =C62-F62 -> 37 | H62: =D62-F62 -> 44 | I62: 39640 | J62: =I62-I61 -> 49
B63: hit 4 | C63: 39740 | D63: 39736 | E63: =C63-D63 -> 4 | F63: 39699 | G63: =C63-F63 -> 41 | H63: =D63-F63 -> 37 | I63: 39699 | J63: =I63-I62 -> 59
B64: hit 5 | C64: 39792 | D64: 39783 | E64: =C64-D64 -> 9 | F64: 39736 | G64: =C64-F64 -> 56 | H64: =D64-F64 -> 47 | I64: 39736 | J64: =I64-I63 -> 37 | O64: 42
B65: hit 6 | C65: 39835 | D65: 39826 | E65: =C65-D65 -> 9 | F65: 39775 | G65: =C65-F65 -> 60 | H65: =D65-F65 -> 51 | I65: 39775 | J65: =I65-I64 -> 39
B66: hit 7 | C66: 39868 | D66: 39860 | E66: =C66-D66 -> 8 | F66: 39796 | G66: =C66-F66 -> 72 | H66: =D66-F66 -> 64 | I66: 39796 | J66: =I66-I65 -> 21
B67: flash | C67: 39972 | D67: 39972
A71: 50 | C71: old | D71: len | E71: new | H71: 50 | I71: newer
A72: 48 | B72: kick | C72: 42595 | E72: 42595 | G72: kick | H72: 48 | I72: 42595 | K72: =E72-I72 -> 0
A73: 46 | B73: kick | C73: 42615 | D73: =C73-C72 -> 20 | E73: 42645 | F73: =E73-E72 -> 50 | G73: tp | H73: 44 | I73: 42622 | J73: =I73-I72 -> 27 | K73: =E73-I73 -> 23
A74: 42 | B74: tp | C74: 42650 | D74: =C74-C73 -> 35 | E74: 42665 | F74: =E74-E73 -> 20 | G74: tp | H74: 40 | I74: 42642 | J74: =I74-I73 -> 20 | K74: =E74-I74 -> 23
A75: 38 | B75: tp | C75: 42670 | D75: =C75-C74 -> 20 | E75: 42685 | F75: =E75-E74 -> 20 | G75: kick | H75: 38 | I75: 42702 | J75: =I75-I74 -> 60 | K75: =E75-I75 -> -17
A76: 34 | B76: tp | C76: 42716 | D76: =C76-C75 -> 46 | E76: 42724 | F76: =E76-E75 -> 39 | G76: tp | H76: 34 | I76: 42722 | J76: =I76-I75 -> 20 | K76: =E76-I76 -> 2
A77: 30 | B77: tp | C77: 42736 | D77: =C77-C76 -> 20 | E77: 42744 | F77: =E77-E76 -> 20 | G77: tp | H77: 30 | I77: 42742 | J77: =I77-I76 -> 20 | K77: =E77-I77 -> 2
A78: 28 | B78: kick | C78: 42756 | D78: =C78-C77 -> 20 | E78: 42781 | F78: =E78-E77 -> 37 | G78: kick | H78: 28 | I78: 42771 | J78: =I78-I77 -> 29 | K78: =E78-I78 -> 10
A79: 24 | B79: tp | C79: 42791 | D79: =C79-C78 -> 35 | E79: 42806 | F79: =E79-E78 -> 25 | G79: tp | H79: 24 | I79: 42791 | J79: =I79-I78 -> 20 | K79: =E79-I79 -> 15
A80: 20 | B80: tp | C80: 42811 | D80: =C80-C79 -> 20 | E80: 42826 | F80: =E80-E79 -> 20 | G80: tp | H80: 20 | I80: 42811 | J80: =I80-I79 -> 20 | K80: =E80-I80 -> 15
A81: 18 | B81: kick | C81: 42831 | D81: =C81-C80 -> 20 | E81: 42846 | F81: =E81-E80 -> 20 | G81: kick | H81: 18 | I81: 42840 | J81: =I81-I80 -> 29 | K81: =E81-I81 -> 6
A82: 14 | B82: tp | C82: 42863 | D82: =C82-C81 -> 32 | E82: 42873 | F82: =E82-E81 -> 27 | G82: tp | H82: 14 | I82: 42862 | J82: =I82-I81 -> 22 | K82: =E82-I82 -> 11 | L82: ??
A83: 10 | B83: tp | C83: 42883 | D83: =C83-C82 -> 20 | E83: 42893 | F83: =E83-E82 -> 20 | G83: tp | H83: 10 | I83: 42882 | J83: =I83-I82 -> 20 | K83: =E83-I83 -> 11
A84: 8 | B84: kick | C84: 42903 | D84: =C84-C83 -> 20 | E84: 42913 | F84: =E84-E83 -> 20 | G84: kick | H84: 8 | I84: 42911 | J84: =I84-I83 -> 29 | K84: =E84-I84 -> 2
A85: 6 | B85: kick | C85: 42923 | D85: =C85-C84 -> 20 | E85: 42944 | F85: =E85-E84 -> 31 | G85: tp | H85: 4 | I85: 42931 | J85: =I85-I84 -> 20 | K85: =E85-I85 -> 13
A86: 2 | B86: tp | C86: 42963 | D86: =C86-C85 -> 40 | E86: 42964 | F86: =E86-E85 -> 20 | G86: tp | H86: 0 | I86: 42951 | J86: =I86-I85 -> 20 | K86: =E86-I86 -> 13
A87: -2 | B87: tp | C87: 42983 | D87: =C87-C86 -> 20
E88: =C87-E86 -> 19
C90: 2pl | D90: 2pl-1pl
B91: head explodes | C91: 60794 | D91: 60799 | E91: =D91-C91 -> 5
B92: boss appears | C92: 62022 | D92: 62025 | E92: =D92-C92 -> 3
B93: pos change | C93: 62460 | D93: 62221 | E93: =D93-C93 -> -239
B94: claws change col | C94: 62594 | D94: 62360 | E94: =D94-C94 -> -234 | N94: || | O94: Beast | P94: || | Q94: Max speed | R94: || | S94: Acceleration | T94: || | U94: Deceleration
N95: | | O95: Walking | P95: | | Q95: '3:132 | R95: | | S95: '0:80 | T95: | | U95: instant
N96: | | O96: Jumping | P96: | | Q96: '2:226 | R96: | | S96: instant | T96: | | U96: '0:64
N97: | | O97: roll move | P97: | | Q97: '6:0 | R97: | | S97: instant | T97: | | U97: 0
N99: || | O99: Nightcrawler | P99: || | Q99: Max speed | R99: || | S99: Acceleration | T99: || | U99: Deceleration
N100: | | O100: walking | P100: | | Q100: '4:20 | R100: | | S100: '0:80 | T100: | | U100: instant
N101: | | O101: jumping | P101: | | Q101: '2:156 | R101: | | S101: '0:128 | T101: | | U101: '0:64
N102: | | O102: somersault | P102: | | Q102: '6:0 | R102: | | S102: '1:0 | T102: | | U102: instant
N103: | | O103: forward kick | P103: | | Q103: '8:252 | R103: | | S103: instant | T103: | | U103: 0
N104: | | O104: diagonal kick | P104: | | Q104: '7:48 | R104: | | S104: '0:150 | T104: | | U104: instant
N105: | | O105: orthogonal teleport | P105: | | Q105: '10:0 | R105: | | S105: instant | T105: | | U105: 0
N106: | | O106: diagonal teleport | P106: | | Q106: '7:0 | R106: | | S106: instant | T106: | | U106: 0
N109: || | O109: Wolverine | P109: || | Q109: Max speed | R109: || | S109: Acceleration | T109: || | U109: Deceleration
N110: | | O110: walking | P110: | | Q110: '4:0 | R110: | | S110: '0:80 | T110: | | U110: instant
N111: | | O111: jumping | P111: | | Q111: '3:89 | R111: | | S111: instant | T111: | | U111: '0:64
...
